id,item_id,invoice_id,quantity,unit_price,created_at,updated_at
1,263519844,1,5,13635,2012-03-27 14:54:09 UTC,2012-03-27 14:54:09 UTC
2,263454779,1,9,23324,2012-03-27 14:54:09 UTC,2012-03-27 14:54:09 UTC
3,263451719,1,8,34873,2012-03-27 14:54:09 UTC,2012-03-27 14:54:09 UTC
4,263542298,1,3,2196,2012-03-27 14:54:09 UTC,2012-03-27 14:54:09 UTC
5,263515158,1,7,79140,2012-03-27 14:54:09 UTC,2012-03-27 14:54:09 UTC
6,263539664,1,5,52100,2012-03-27 14:54:09 UTC,2012-03-27 14:54:09 UTC
7,263563764,1,4,66747,2012-03-27 14:54:09 UTC,2012-03-27 14:54:09 UTC
8,263432817,1,6,76941,2012-03-27 14:54:09 UTC,2012-03-27 14:54:09 UTC
9,263529264,2,6,29973,2012-03-27 14:54:09 UTC,2012-03-27 14:54:09 UTC
10,263523644,2,4,1859,2012-03-27 14:54:09 UTC,2012-03-27 14:54:09 UTC
11,263532898,2,3,30949,2012-03-27 14:54:09 UTC,2012-03-27 14:54:09 UTC
12,263438971,2,8,31099,2012-03-27 14:54:09 UTC,2012-03-27 14:54:09 UTC
13,263553176,3,4,78660,2012-03-27 14:54:09 UTC,2012-03-27 14:54:09 UTC
14,263529264,3,7,4264,2012-03-27 14:54:09 UTC,2012-03-27 14:54:09 UTC
15,263533242,3,5,72018,2012-03-27 14:54:09 UTC,2012-03-27 14:54:09 UTC
16,263526970,3,9,72018,2012-03-27 14:54:10 UTC,2012-03-27 14:54:10 UTC
17,263517394,3,5,46383,2012-03-27 14:54:10 UTC,2012-03-27 14:54:10 UTC
18,263520800,3,5,78660,2012-03-27 14:54:10 UTC,2012-03-27 14:54:10 UTC
19,263509232,3,8,48718,2012-03-27 14:54:10 UTC,2012-03-27 14:54:10 UTC
20,263395237,3,9,72018,2012-03-27 14:54:10 UTC,2012-03-27 14:54:10 UTC
21,263566314,4,2,42203,2012-03-27 14:54:10 UTC,2012-03-27 14:54:10 UTC
22,263546142,4,3,37333,2012-03-27 14:54:10 UTC,2012-03-27 14:54:10 UTC
23,263422693,5,1,66412,2012-03-27 14:54:10 UTC,2012-03-27 14:54:10 UTC
24,263557908,5,10,49121,2012-03-27 14:54:10 UTC,2012-03-27 14:54:10 UTC
25,263452311,5,9,32346,2012-03-27 14:54:10 UTC,2012-03-27 14:54:10 UTC
26,263543136,5,10,73408,2012-03-27 14:54:10 UTC,2012-03-27 14:54:10 UTC
27,263553784,6,2,8342,2012-03-27 14:54:10 UTC,2012-03-27 14:54:10 UTC
28,263547824,6,3,48795,2012-03-27 14:54:10 UTC,2012-03-27 14:54:10 UTC
29,263547780,6,2,22098,2012-03-27 14:54:10 UTC,2012-03-27 14:54:10 UTC
30,263543430,6,6,18222,2012-03-27 14:54:10 UTC,2012-03-27 14:54:10 UTC
31,263412613,6,2,50369,2012-03-27 14:54:10 UTC,2012-03-27 14:54:10 UTC
32,263533436,6,1,25717,2012-03-27 14:54:10 UTC,2012-03-27 14:54:10 UTC
33,263558200,6,1,34423,2012-03-27 14:54:10 UTC,2012-03-27 14:54:10 UTC
34,263446647,7,4,59584,2012-03-27 14:54:10 UTC,2012-03-27 14:54:10 UTC
35,263426763,7,9,97851,2012-03-27 14:54:10 UTC,2012-03-27 14:54:10 UTC
36,263445611,7,9,54689,2012-03-27 14:54:10 UTC,2012-03-27 14:54:10 UTC
37,263556622,7,2,45518,2012-03-27 14:54:10 UTC,2012-03-27 14:54:10 UTC
38,263407685,8,2,50051,2012-03-27 14:54:10 UTC,2012-03-27 14:54:10 UTC
39,263415153,8,5,50051,2012-03-27 14:54:10 UTC,2012-03-27 14:54:10 UTC
40,263558834,8,2,35772,2012-03-27 14:54:10 UTC,2012-03-27 14:54:10 UTC
41,263537372,8,2,70783,2012-03-27 14:54:10 UTC,2012-03-27 14:54:10 UTC
42,263431273,8,8,35772,2012-03-27 14:54:10 UTC,2012-03-27 14:54:10 UTC
43,263549938,8,9,70783,2012-03-27 14:54:10 UTC,2012-03-27 14:54:10 UTC
44,263416567,8,7,70783,2012-03-27 14:54:10 UTC,2012-03-27 14:54:10 UTC
45,263547424,8,7,70783,2012-03-27 14:54:10 UTC,2012-03-27 14:54:10 UTC
46,263523018,9,10,6056,2012-03-27 14:54:10 UTC,2012-03-27 14:54:10 UTC
47,263435527,9,4,48582,2012-03-27 14:54:10 UTC,2012-03-27 14:54:10 UTC
48,263558204,9,5,29744,2012-03-27 14:54:10 UTC,2012-03-27 14:54:10 UTC
49,263446911,10,4,17154,2012-03-27 14:54:10 UTC,2012-03-27 14:54:10 UTC
50,263407657,10,6,54368,2012-03-27 14:54:10 UTC,2012-03-27 14:54:10 UTC
51,263529414,10,3,80725,2012-03-27 14:54:10 UTC,2012-03-27 14:54:10 UTC
52,263516902,10,4,98668,2012-03-27 14:54:10 UTC,2012-03-27 14:54:10 UTC
53,263557722,10,6,47367,2012-03-27 14:54:10 UTC,2012-03-27 14:54:10 UTC
54,263535944,11,7,62086,2012-03-27 14:54:10 UTC,2012-03-27 14:54:10 UTC
55,263397059,11,2,40187,2012-03-27 14:54:10 UTC,2012-03-27 14:54:10 UTC
56,263545500,12,2,78031,2012-03-27 14:54:10 UTC,2012-03-27 14:54:10 UTC
57,263432927,12,2,41702,2012-03-27 14:54:10 UTC,2012-03-27 14:54:10 UTC
58,263538156,12,6,71340,2012-03-27 14:54:10 UTC,2012-03-27 14:54:10 UTC
59,263421817,12,6,7196,2012-03-27 14:54:10 UTC,2012-03-27 14:54:10 UTC
60,263501436,12,3,41702,2012-03-27 14:54:10 UTC,2012-03-27 14:54:10 UTC
61,263533090,12,8,22546,2012-03-27 14:54:10 UTC,2012-03-27 14:54:10 UTC
62,263436969,13,4,6345,2012-03-27 14:54:10 UTC,2012-03-27 14:54:10 UTC
63,263454313,13,8,84928,2012-03-27 14:54:10 UTC,2012-03-27 14:54:10 UTC
64,263456745,13,10,84803,2012-03-27 14:54:10 UTC,2012-03-27 14:54:10 UTC
65,263553176,13,5,12098,2012-03-27 14:54:10 UTC,2012-03-27 14:54:10 UTC
66,263516548,13,2,3024,2012-03-27 14:54:10 UTC,2012-03-27 14:54:10 UTC
67,263441173,14,9,45253,2012-03-27 14:54:10 UTC,2012-03-27 14:54:10 UTC
68,263550266,14,4,67760,2012-03-27 14:54:10 UTC,2012-03-27 14:54:10 UTC
69,263548286,14,3,45253,2012-03-27 14:54:10 UTC,2012-03-27 14:54:10 UTC
70,263457553,14,1,55096,2012-03-27 14:54:10 UTC,2012-03-27 14:54:10 UTC
71,263548482,14,8,63465,2012-03-27 14:54:10 UTC,2012-03-27 14:54:10 UTC
72,263452001,14,3,2126,2012-03-27 14:54:10 UTC,2012-03-27 14:54:10 UTC
73,263552538,14,7,45518,2012-03-27 14:54:10 UTC,2012-03-27 14:54:10 UTC
74,263405857,14,6,91298,2012-03-27 14:54:10 UTC,2012-03-27 14:54:10 UTC
75,263539266,15,7,75637,2012-03-27 14:54:10 UTC,2012-03-27 14:54:10 UTC
76,263417825,15,7,74285,2012-03-27 14:54:10 UTC,2012-03-27 14:54:10 UTC
77,263518274,15,4,45339,2012-03-27 14:54:10 UTC,2012-03-27 14:54:10 UTC
78,263400233,15,1,89480,2012-03-27 14:54:10 UTC,2012-03-27 14:54:10 UTC
79,263432069,15,3,82413,2012-03-27 14:54:10 UTC,2012-03-27 14:54:10 UTC
80,263551470,15,1,93831,2012-03-27 14:54:10 UTC,2012-03-27 14:54:10 UTC
81,263518892,15,8,92302,2012-03-27 14:54:10 UTC,2012-03-27 14:54:10 UTC
82,263419209,15,8,89480,2012-03-27 14:54:10 UTC,2012-03-27 14:54:10 UTC
83,263554000,16,4,6056,2012-03-27 14:54:10 UTC,2012-03-27 14:54:10 UTC
84,263424379,17,6,85319,2012-03-27 14:54:10 UTC,2012-03-27 14:54:10 UTC
85,263437449,17,10,85319,2012-03-27 14:54:10 UTC,2012-03-27 14:54:10 UTC
86,263428427,17,6,85319,2012-03-27 14:54:10 UTC,2012-03-27 14:54:10 UTC
87,263441987,17,7,85319,2012-03-27 14:54:10 UTC,2012-03-27 14:54:10 UTC
88,263452525,18,2,88660,2012-03-27 14:54:10 UTC,2012-03-27 14:54:10 UTC
89,263511296,18,3,82821,2012-03-27 14:54:10 UTC,2012-03-27 14:54:10 UTC
90,263547180,18,5,46317,2012-03-27 14:54:10 UTC,2012-03-27 14:54:10 UTC
91,263435825,18,6,35891,2012-03-27 14:54:10 UTC,2012-03-27 14:54:10 UTC
92,263553272,18,7,66599,2012-03-27 14:54:10 UTC,2012-03-27 14:54:10 UTC
93,263556830,18,5,82819,2012-03-27 14:54:10 UTC,2012-03-27 14:54:10 UTC
94,263553034,18,8,82819,2012-03-27 14:54:10 UTC,2012-03-27 14:54:10 UTC
95,263504126,19,6,40767,2012-03-27 14:54:10 UTC,2012-03-27 14:54:10 UTC
96,263546922,19,8,48177,2012-03-27 14:54:10 UTC,2012-03-27 14:54:10 UTC
97,263561358,19,7,69590,2012-03-27 14:54:10 UTC,2012-03-27 14:54:10 UTC
98,263523156,20,7,98947,2012-03-27 14:54:10 UTC,2012-03-27 14:54:10 UTC
99,263558464,20,3,99465,2012-03-27 14:54:10 UTC,2012-03-27 14:54:10 UTC
100,263406625,20,2,77409,2012-03-27 14:54:10 UTC,2012-03-27 14:54:10 UTC
14999,263449029,3364,5,28385,2012-03-27 14:56:56 UTC,2012-03-27 14:56:56 UTC
15000,263454259,3365,7,18764,2012-03-27 14:56:56 UTC,2012-03-27 14:56:56 UTC
15001,263397785,3365,7,22164,2012-03-27 14:56:56 UTC,2012-03-27 14:56:56 UTC
15002,263501786,3365,6,87909,2012-03-27 14:56:56 UTC,2012-03-27 14:56:56 UTC
15003,263532498,3365,2,75416,2012-03-27 14:56:56 UTC,2012-03-27 14:56:56 UTC
15004,263506752,3366,5,42969,2012-03-27 14:56:56 UTC,2012-03-27 14:56:56 UTC
15005,263536406,3367,10,36896,2012-03-27 14:56:56 UTC,2012-03-27 14:56:56 UTC
15006,263536406,3368,9,83589,2012-03-27 14:56:56 UTC,2012-03-27 14:56:56 UTC
15007,263433013,3368,1,68109,2012-03-27 14:56:56 UTC,2012-03-27 14:56:56 UTC
15008,263536524,3368,7,75237,2012-03-27 14:56:56 UTC,2012-03-27 14:56:56 UTC
15009,263451761,3368,5,86654,2012-03-27 14:56:56 UTC,2012-03-27 14:56:56 UTC
15010,263442645,3368,7,93956,2012-03-27 14:56:56 UTC,2012-03-27 14:56:56 UTC
15011,263544036,3368,2,30040,2012-03-27 14:56:56 UTC,2012-03-27 14:56:56 UTC
15012,263451715,3368,6,44021,2012-03-27 14:56:56 UTC,2012-03-27 14:56:56 UTC
15013,263514692,3369,10,63465,2012-03-27 14:56:56 UTC,2012-03-27 14:56:56 UTC
15014,263499552,3369,7,54689,2012-03-27 14:56:56 UTC,2012-03-27 14:56:56 UTC
15015,263400793,3369,1,2126,2012-03-27 14:56:56 UTC,2012-03-27 14:56:56 UTC
15016,263560736,3369,7,74925,2012-03-27 14:56:56 UTC,2012-03-27 14:56:56 UTC
15017,263433443,3370,1,5760,2012-03-27 14:56:56 UTC,2012-03-27 14:56:56 UTC
15018,263434067,3370,1,5760,2012-03-27 14:56:56 UTC,2012-03-27 14:56:56 UTC
15019,263415463,3370,5,7196,2012-03-27 14:56:56 UTC,2012-03-27 14:56:56 UTC
15020,263554072,3370,4,33526,2012-03-27 14:56:56 UTC,2012-03-27 14:56:56 UTC
15021,263532986,3371,9,60382,2012-03-27 14:56:56 UTC,2012-03-27 14:56:56 UTC
15022,263427939,3371,4,7412,2012-03-27 14:56:56 UTC,2012-03-27 14:56:56 UTC
15023,263415905,3371,2,43679,2012-03-27 14:56:56 UTC,2012-03-27 14:56:56 UTC
15024,263558552,3371,3,78269,2012-03-27 14:56:56 UTC,2012-03-27 14:56:56 UTC
15025,263513234,3372,2,46171,2012-03-27 14:56:56 UTC,2012-03-27 14:56:56 UTC
15026,263555314,3372,1,14907,2012-03-27 14:56:56 UTC,2012-03-27 14:56:56 UTC
15027,263530830,3372,9,87080,2012-03-27 14:56:56 UTC,2012-03-27 14:56:56 UTC
15028,263432927,3372,9,73003,2012-03-27 14:56:56 UTC,2012-03-27 14:56:56 UTC
15029,263452741,3372,7,27388,2012-03-27 14:56:56 UTC,2012-03-27 14:56:56 UTC
15030,263412667,3372,10,73003,2012-03-27 14:56:56 UTC,2012-03-27 14:56:56 UTC
15031,263423819,3372,4,17933,2012-03-27 14:56:56 UTC,2012-03-27 14:56:56 UTC
15032,263461473,3373,8,47147,2012-03-27 14:56:56 UTC,2012-03-27 14:56:56 UTC
15033,263432067,3373,3,96903,2012-03-27 14:56:56 UTC,2012-03-27 14:56:56 UTC
15034,263456015,3373,2,41243,2012-03-27 14:56:56 UTC,2012-03-27 14:56:56 UTC
15035,263408101,3373,5,47310,2012-03-27 14:56:56 UTC,2012-03-27 14:56:56 UTC
15036,263531354,3373,4,23175,2012-03-27 14:56:56 UTC,2012-03-27 14:56:56 UTC
15037,263405857,3373,8,13327,2012-03-27 14:56:56 UTC,2012-03-27 14:56:56 UTC
15038,263412793,3373,5,21979,2012-03-27 14:56:56 UTC,2012-03-27 14:56:56 UTC
15039,263418487,3374,7,2498,2012-03-27 14:56:56 UTC,2012-03-27 14:56:56 UTC
15040,263412009,3374,7,15165,2012-03-27 14:56:56 UTC,2012-03-27 14:56:56 UTC
15041,263426891,3374,2,15165,2012-03-27 14:56:56 UTC,2012-03-27 14:56:56 UTC
15042,263511148,3374,10,2498,2012-03-27 14:56:56 UTC,2012-03-27 14:56:56 UTC
15043,263542664,3374,5,2498,2012-03-27 14:56:56 UTC,2012-03-27 14:56:56 UTC
15044,263522436,3374,3,2498,2012-03-27 14:56:56 UTC,2012-03-27 14:56:56 UTC
15045,263545204,3374,10,61980,2012-03-27 14:56:56 UTC,2012-03-27 14:56:56 UTC
15046,263433839,3374,4,39862,2012-03-27 14:56:56 UTC,2012-03-27 14:56:56 UTC
15047,263449863,3375,1,6273,2012-03-27 14:56:56 UTC,2012-03-27 14:56:56 UTC
15048,263559572,3375,7,70555,2012-03-27 14:56:56 UTC,2012-03-27 14:56:56 UTC
15049,263456113,3375,7,39588,2012-03-27 14:56:56 UTC,2012-03-27 14:56:56 UTC
15050,263538286,3375,8,14110,2012-03-27 14:56:56 UTC,2012-03-27 14:56:56 UTC
15051,263541818,3375,3,38471,2012-03-27 14:56:56 UTC,2012-03-27 14:56:56 UTC
15052,263561330,3375,9,94649,2012-03-27 14:56:56 UTC,2012-03-27 14:56:56 UTC
15053,263515502,3376,6,75941,2012-03-27 14:56:56 UTC,2012-03-27 14:56:56 UTC
15054,263453751,3376,5,71487,2012-03-27 14:56:56 UTC,2012-03-27 14:56:56 UTC
15055,263445483,3376,2,35974,2012-03-27 14:56:56 UTC,2012-03-27 14:56:56 UTC
15056,263418487,3376,3,38841,2012-03-27 14:56:56 UTC,2012-03-27 14:56:56 UTC
15057,263400793,3376,3,61685,2012-03-27 14:56:56 UTC,2012-03-27 14:56:56 UTC
15058,263512320,3376,4,42943,2012-03-27 14:56:56 UTC,2012-03-27 14:56:56 UTC
15059,263425421,3376,5,88334,2012-03-27 14:56:56 UTC,2012-03-27 14:56:56 UTC
15060,263426407,3376,6,46366,2012-03-27 14:56:56 UTC,2012-03-27 14:56:56 UTC
15061,263554798,3377,1,66329,2012-03-27 14:56:56 UTC,2012-03-27 14:56:56 UTC
15062,263428343,3377,3,16472,2012-03-27 14:56:56 UTC,2012-03-27 14:56:56 UTC
15063,263521292,3377,10,52220,2012-03-27 14:56:56 UTC,2012-03-27 14:56:56 UTC
15064,263417449,3377,9,64977,2012-03-27 14:56:56 UTC,2012-03-27 14:56:56 UTC
15065,263409041,3377,9,23062,2012-03-27 14:56:56 UTC,2012-03-27 14:56:56 UTC
15066,263443305,3377,6,41609,2012-03-27 14:56:56 UTC,2012-03-27 14:56:56 UTC
15067,263523156,3377,8,4830,2012-03-27 14:56:56 UTC,2012-03-27 14:56:56 UTC
15068,263552538,3377,6,3925,2012-03-27 14:56:56 UTC,2012-03-27 14:56:56 UTC
15069,263522430,3378,1,54001,2012-03-27 14:56:56 UTC,2012-03-27 14:56:56 UTC
15070,263500126,3378,9,64688,2012-03-27 14:56:56 UTC,2012-03-27 14:56:56 UTC
15071,263437217,3378,10,33385,2012-03-27 14:56:56 UTC,2012-03-27 14:56:56 UTC
15072,263434763,3379,8,6888,2012-03-27 14:56:56 UTC,2012-03-27 14:56:56 UTC
15073,263543344,3379,8,33182,2012-03-27 14:56:56 UTC,2012-03-27 14:56:56 UTC
15074,263538896,3379,10,73665,2012-03-27 14:56:56 UTC,2012-03-27 14:56:56 UTC
15075,263510372,3380,1,44992,2012-03-27 14:56:56 UTC,2012-03-27 14:56:56 UTC
15076,263532108,3380,8,16087,2012-03-27 14:56:56 UTC,2012-03-27 14:56:56 UTC
15077,263439385,3380,5,44992,2012-03-27 14:56:56 UTC,2012-03-27 14:56:56 UTC
15078,263452741,3380,3,27388,2012-03-27 14:56:56 UTC,2012-03-27 14:56:56 UTC
15079,263513074,3380,10,41405,2012-03-27 14:56:56 UTC,2012-03-27 14:56:56 UTC
15080,263550786,3380,5,3944,2012-03-27 14:56:56 UTC,2012-03-27 14:56:56 UTC
15081,263463003,3380,4,10952,2012-03-27 14:56:56 UTC,2012-03-27 14:56:56 UTC
15082,263541694,3381,4,39058,2012-03-27 14:56:56 UTC,2012-03-27 14:56:56 UTC
15083,263451007,3381,2,75043,2012-03-27 14:56:56 UTC,2012-03-27 14:56:56 UTC
15084,263454265,3381,2,25737,2012-03-27 14:56:56 UTC,2012-03-27 14:56:56 UTC
15085,263499552,3381,2,28455,2012-03-27 14:56:56 UTC,2012-03-27 14:56:56 UTC
15086,263554226,3381,5,39058,2012-03-27 14:56:56 UTC,2012-03-27 14:56:56 UTC
15087,263554798,3382,1,72172,2012-03-27 14:56:57 UTC,2012-03-27 14:56:57 UTC
15088,263507292,3382,1,62582,2012-03-27 14:56:57 UTC,2012-03-27 14:56:57 UTC
15089,263438403,3382,3,6288,2012-03-27 14:56:57 UTC,2012-03-27 14:56:57 UTC
15090,263413483,3382,9,30894,2012-03-27 14:56:57 UTC,2012-03-27 14:56:57 UTC
15091,263530392,3382,1,88146,2012-03-27 14:56:57 UTC,2012-03-27 14:56:57 UTC
15092,263564316,3383,3,66690,2012-03-27 14:56:57 UTC,2012-03-27 14:56:57 UTC
15093,263567058,3383,2,51413,2012-03-27 14:56:57 UTC,2012-03-27 14:56:57 UTC
15094,263415905,3383,2,72006,2012-03-27 14:56:57 UTC,2012-03-27 14:56:57 UTC
15095,263520412,3383,9,18953,2012-03-27 14:56:57 UTC,2012-03-27 14:56:57 UTC
15096,263543176,3384,8,13919,2012-03-27 14:56:57 UTC,2012-03-27 14:56:57 UTC
15097,263555632,3385,8,77563,2012-03-27 14:56:57 UTC,2012-03-27 14:56:57 UTC
15098,263556934,3385,2,14772,2012-03-27 14:56:57 UTC,2012-03-27 14:56:57 UTC
15099,263528772,3385,7,27224,2012-03-27 14:56:57 UTC,2012-03-27 14:56:57 UTC
15100,263409041,3385,2,78066,2012-03-27 14:56:57 UTC,2012-03-27 14:56:57 UTC
15101,263435575,3385,4,73519,2012-03-27 14:56:57 UTC,2012-03-27 14:56:57 UTC
15102,263567058,3385,9,77563,2012-03-27 14:56:57 UTC,2012-03-27 14:56:57 UTC
15103,263426665,3385,2,14772,2012-03-27 14:56:57 UTC,2012-03-27 14:56:57 UTC
15104,263442201,3385,1,59886,2012-03-27 14:56:57 UTC,2012-03-27 14:56:57 UTC
15105,263431337,3386,4,5986,2012-03-27 14:56:57 UTC,2012-03-27 14:56:57 UTC
15106,263426295,3387,3,64317,2012-03-27 14:56:57 UTC,2012-03-27 14:56:57 UTC
15107,263552660,3387,6,64297,2012-03-27 14:56:57 UTC,2012-03-27 14:56:57 UTC
15108,263559240,3387,10,20021,2012-03-27 14:56:57 UTC,2012-03-27 14:56:57 UTC
15109,263503294,3387,7,20021,2012-03-27 14:56:57 UTC,2012-03-27 14:56:57 UTC
15110,263533436,3388,1,1061,2012-03-27 14:56:57 UTC,2012-03-27 14:56:57 UTC
15111,263430027,3388,5,23940,2012-03-27 14:56:57 UTC,2012-03-27 14:56:57 UTC
15112,263408639,3388,1,23940,2012-03-27 14:56:57 UTC,2012-03-27 14:56:57 UTC
15113,263432501,3388,4,23940,2012-03-27 14:56:57 UTC,2012-03-27 14:56:57 UTC
15114,263511658,3388,10,1061,2012-03-27 14:56:57 UTC,2012-03-27 14:56:57 UTC
15115,263545190,3389,1,34639,2012-03-27 14:56:57 UTC,2012-03-27 14:56:57 UTC
15116,263448585,3389,8,20518,2012-03-27 14:56:57 UTC,2012-03-27 14:56:57 UTC
15117,263564700,3389,9,14991,2012-03-27 14:56:57 UTC,2012-03-27 14:56:57 UTC
15118,263445343,3389,10,46778,2012-03-27 14:56:57 UTC,2012-03-27 14:56:57 UTC
15119,263409079,3389,10,33239,2012-03-27 14:56:57 UTC,2012-03-27 14:56:57 UTC
15120,263540148,3389,3,64047,2012-03-27 14:56:57 UTC,2012-03-27 14:56:57 UTC
15121,263561554,3389,8,34639,2012-03-27 14:56:57 UTC,2012-03-27 14:56:57 UTC
15122,263397919,3390,1,48772,2012-03-27 14:56:57 UTC,2012-03-27 14:56:57 UTC
15123,263427435,3390,5,73574,2012-03-27 14:56:57 UTC,2012-03-27 14:56:57 UTC
15124,263428643,3390,5,27272,2012-03-27 14:56:57 UTC,2012-03-27 14:56:57 UTC
15125,263562286,3390,7,30520,2012-03-27 14:56:57 UTC,2012-03-27 14:56:57 UTC
15126,263502096,3390,4,6377,2012-03-27 14:56:57 UTC,2012-03-27 14:56:57 UTC
15127,263543136,3390,7,76299,2012-03-27 14:56:57 UTC,2012-03-27 14:56:57 UTC
15128,263409515,3390,6,68017,2012-03-27 14:56:57 UTC,2012-03-27 14:56:57 UTC
15129,263447021,3390,2,49564,2012-03-27 14:56:57 UTC,2012-03-27 14:56:57 UTC
15130,263448141,3391,2,49105,2012-03-27 14:56:57 UTC,2012-03-27 14:56:57 UTC
15131,263537014,3391,9,18043,2012-03-27 14:56:57 UTC,2012-03-27 14:56:57 UTC
15132,263445621,3391,8,75121,2012-03-27 14:56:57 UTC,2012-03-27 14:56:57 UTC
15133,263448337,3391,3,84167,2012-03-27 14:56:57 UTC,2012-03-27 14:56:57 UTC
15134,263527412,3391,8,16772,2012-03-27 14:56:57 UTC,2012-03-27 14:56:57 UTC
15135,263447021,3391,3,89764,2012-03-27 14:56:57 UTC,2012-03-27 14:56:57 UTC
15136,263535488,3392,8,96010,2012-03-27 14:56:57 UTC,2012-03-27 14:56:57 UTC
15137,263438409,3393,2,51285,2012-03-27 14:56:57 UTC,2012-03-27 14:56:57 UTC
15138,263531554,3393,5,57403,2012-03-27 14:56:57 UTC,2012-03-27 14:56:57 UTC
15139,263452525,3393,5,30845,2012-03-27 14:56:57 UTC,2012-03-27 14:56:57 UTC
15140,263445621,3394,10,47509,2012-03-27 14:56:57 UTC,2012-03-27 14:56:57 UTC
15141,263542298,3394,7,86602,2012-03-27 14:56:57 UTC,2012-03-27 14:56:57 UTC
15142,263500620,3394,4,98556,2012-03-27 14:56:57 UTC,2012-03-27 14:56:57 UTC
15143,263549302,3394,3,90767,2012-03-27 14:56:57 UTC,2012-03-27 14:56:57 UTC
15144,263522134,3394,7,80246,2012-03-27 14:56:57 UTC,2012-03-27 14:56:57 UTC
15145,263447503,3394,10,73997,2012-03-27 14:56:57 UTC,2012-03-27 14:56:57 UTC
15146,263551920,3394,9,97424,2012-03-27 14:56:57 UTC,2012-03-27 14:56:57 UTC
15147,263456723,3394,10,86146,2012-03-27 14:56:57 UTC,2012-03-27 14:56:57 UTC
15148,263418013,3395,3,29377,2012-03-27 14:56:57 UTC,2012-03-27 14:56:57 UTC
15149,263542236,3396,2,31618,2012-03-27 14:56:57 UTC,2012-03-27 14:56:57 UTC
15150,263555120,3396,9,27539,2012-03-27 14:56:57 UTC,2012-03-27 14:56:57 UTC
15151,263561770,3396,3,44884,2012-03-27 14:56:57 UTC,2012-03-27 14:56:57 UTC
15152,263421773,3396,8,5470,2012-03-27 14:56:57 UTC,2012-03-27 14:56:57 UTC
15153,263549302,3396,5,2712,2012-03-27 14:56:57 UTC,2012-03-27 14:56:57 UTC
15154,263531978,3396,2,62925,2012-03-27 14:56:57 UTC,2012-03-27 14:56:57 UTC
15155,263548456,3397,8,53170,2012-03-27 14:56:57 UTC,2012-03-27 14:56:57 UTC
15156,263442111,3397,5,74415,2012-03-27 14:56:57 UTC,2012-03-27 14:56:57 UTC
15157,263409671,3397,1,44393,2012-03-27 14:56:57 UTC,2012-03-27 14:56:57 UTC
15158,263557722,3397,2,10556,2012-03-27 14:56:57 UTC,2012-03-27 14:56:57 UTC
15159,263516902,3397,8,91721,2012-03-27 14:56:57 UTC,2012-03-27 14:56:57 UTC
15160,263518848,3397,10,78615,2012-03-27 14:56:57 UTC,2012-03-27 14:56:57 UTC
15161,263438339,3397,3,44393,2012-03-27 14:56:57 UTC,2012-03-27 14:56:57 UTC
15162,263523910,3398,10,51413,2012-03-27 14:56:57 UTC,2012-03-27 14:56:57 UTC
15163,263458641,3398,6,72006,2012-03-27 14:56:57 UTC,2012-03-27 14:56:57 UTC
15164,263538156,3398,7,66690,2012-03-27 14:56:57 UTC,2012-03-27 14:56:57 UTC
15165,263426657,3399,4,8342,2012-03-27 14:56:57 UTC,2012-03-27 14:56:57 UTC
15166,263441987,3399,3,50369,2012-03-27 14:56:57 UTC,2012-03-27 14:56:57 UTC
15167,263532986,3399,8,1415,2012-03-27 14:56:57 UTC,2012-03-27 14:56:57 UTC
15168,263566168,3400,9,65239,2012-03-27 14:56:57 UTC,2012-03-27 14:56:57 UTC
15169,263516910,3400,2,5536,2012-03-27 14:56:57 UTC,2012-03-27 14:56:57 UTC
15170,263513362,3400,3,32000,2012-03-27 14:56:57 UTC,2012-03-27 14:56:57 UTC
15171,263550646,3400,5,63723,2012-03-27 14:56:57 UTC,2012-03-27 14:56:57 UTC
15172,263396279,3400,3,82153,2012-03-27 14:56:57 UTC,2012-03-27 14:56:57 UTC
15173,263545926,3400,6,82153,2012-03-27 14:56:57 UTC,2012-03-27 14:56:57 UTC
15174,263555120,3400,6,63278,2012-03-27 14:56:57 UTC,2012-03-27 14:56:57 UTC
15175,263550894,3400,7,42815,2012-03-27 14:56:57 UTC,2012-03-27 14:56:57 UTC
15176,263405705,3401,7,24131,2012-03-27 14:56:57 UTC,2012-03-27 14:56:57 UTC
15177,263514886,3401,9,41735,2012-03-27 14:56:57 UTC,2012-03-27 14:56:57 UTC
15178,263462887,3401,9,74900,2012-03-27 14:56:57 UTC,2012-03-27 14:56:57 UTC
15179,263400961,3401,4,97153,2012-03-27 14:56:58 UTC,2012-03-27 14:56:58 UTC
15180,263546924,3401,7,56253,2012-03-27 14:56:58 UTC,2012-03-27 14:56:58 UTC
15181,263399361,3401,2,74900,2012-03-27 14:56:58 UTC,2012-03-27 14:56:58 UTC
15182,263409021,3402,8,52220,2012-03-27 14:56:58 UTC,2012-03-27 14:56:58 UTC
15183,263449477,3402,5,88711,2012-03-27 14:56:58 UTC,2012-03-27 14:56:58 UTC
15184,263542298,3402,1,52043,2012-03-27 14:56:58 UTC,2012-03-27 14:56:58 UTC
15185,263542514,3403,1,12444,2012-03-27 14:56:58 UTC,2012-03-27 14:56:58 UTC
15186,263440919,3403,9,98793,2012-03-27 14:56:58 UTC,2012-03-27 14:56:58 UTC
15187,263547620,3403,7,31526,2012-03-27 14:56:58 UTC,2012-03-27 14:56:58 UTC
15188,263452741,3404,1,12093,2012-03-27 14:56:58 UTC,2012-03-27 14:56:58 UTC
15189,263442959,3404,4,43408,2012-03-27 14:56:58 UTC,2012-03-27 14:56:58 UTC
15190,263552660,3405,10,62582,2012-03-27 14:56:58 UTC,2012-03-27 14:56:58 UTC
15191,263552212,3405,7,88146,2012-03-27 14:56:58 UTC,2012-03-27 14:56:58 UTC
15192,263559086,3405,5,60942,2012-03-27 14:56:58 UTC,2012-03-27 14:56:58 UTC
15193,263411601,3405,6,30894,2012-03-27 14:56:58 UTC,2012-03-27 14:56:58 UTC
15194,263456723,3406,9,24131,2012-03-27 14:56:58 UTC,2012-03-27 14:56:58 UTC
15195,263408869,3406,1,24131,2012-03-27 14:56:58 UTC,2012-03-27 14:56:58 UTC
15196,263510366,3406,2,41735,2012-03-27 14:56:58 UTC,2012-03-27 14:56:58 UTC
15197,263522852,3406,10,41735,2012-03-27 14:56:58 UTC,2012-03-27 14:56:58 UTC
15198,263542606,3406,3,74900,2012-03-27 14:56:58 UTC,2012-03-27 14:56:58 UTC
15199,263456831,3406,9,97153,2012-03-27 14:56:58 UTC,2012-03-27 14:56:58 UTC
15200,263550534,3406,3,41735,2012-03-27 14:56:58 UTC,2012-03-27 14:56:58 UTC
21630,263565020,4829,8,35974,2012-03-27 14:58:14 UTC,2012-03-27 14:58:14 UTC
21631,263548308,4829,9,72653,2012-03-27 14:58:14 UTC,2012-03-27 14:58:14 UTC
21632,263409279,4829,7,88059,2012-03-27 14:58:14 UTC,2012-03-27 14:58:14 UTC
21633,263457639,4830,5,24252,2012-03-27 14:58:14 UTC,2012-03-27 14:58:14 UTC
21634,263425365,4830,3,83994,2012-03-27 14:58:14 UTC,2012-03-27 14:58:14 UTC
21635,263539868,4830,6,3094,2012-03-27 14:58:14 UTC,2012-03-27 14:58:14 UTC
21636,263539016,4831,8,13188,2012-03-27 14:58:14 UTC,2012-03-27 14:58:14 UTC
21637,263406625,4831,3,1317,2012-03-27 14:58:14 UTC,2012-03-27 14:58:14 UTC
21638,263558200,4831,3,96517,2012-03-27 14:58:14 UTC,2012-03-27 14:58:14 UTC
21639,263416725,4831,10,96517,2012-03-27 14:58:14 UTC,2012-03-27 14:58:14 UTC
21640,263443763,4831,4,84371,2012-03-27 14:58:15 UTC,2012-03-27 14:58:15 UTC
21641,263447015,4831,2,4021,2012-03-27 14:58:15 UTC,2012-03-27 14:58:15 UTC
21642,263411077,4832,1,53104,2012-03-27 14:58:15 UTC,2012-03-27 14:58:15 UTC
21643,263440609,4832,10,3590,2012-03-27 14:58:15 UTC,2012-03-27 14:58:15 UTC
21644,263418169,4833,1,86696,2012-03-27 14:58:15 UTC,2012-03-27 14:58:15 UTC
21645,263446931,4833,1,63623,2012-03-27 14:58:15 UTC,2012-03-27 14:58:15 UTC
21646,263558544,4833,3,77499,2012-03-27 14:58:15 UTC,2012-03-27 14:58:15 UTC
21647,263513784,4833,2,62014,2012-03-27 14:58:15 UTC,2012-03-27 14:58:15 UTC
21648,263454259,4834,7,71221,2012-03-27 14:58:15 UTC,2012-03-27 14:58:15 UTC
21649,263456113,4835,3,43098,2012-03-27 14:58:15 UTC,2012-03-27 14:58:15 UTC
21650,263399187,4836,7,78808,2012-03-27 14:58:15 UTC,2012-03-27 14:58:15 UTC
21651,263417825,4836,9,41529,2012-03-27 14:58:15 UTC,2012-03-27 14:58:15 UTC
21652,263432039,4836,10,78808,2012-03-27 14:58:15 UTC,2012-03-27 14:58:15 UTC
21653,263556324,4836,7,78808,2012-03-27 14:58:15 UTC,2012-03-27 14:58:15 UTC
21654,263431275,4836,6,41529,2012-03-27 14:58:15 UTC,2012-03-27 14:58:15 UTC
21655,263548916,4837,4,98733,2012-03-27 14:58:15 UTC,2012-03-27 14:58:15 UTC
21656,263544672,4837,7,94517,2012-03-27 14:58:15 UTC,2012-03-27 14:58:15 UTC
21657,263512320,4837,10,25088,2012-03-27 14:58:15 UTC,2012-03-27 14:58:15 UTC
21658,263553706,4837,9,81760,2012-03-27 14:58:15 UTC,2012-03-27 14:58:15 UTC
21659,263457553,4838,2,66747,2012-03-27 14:58:15 UTC,2012-03-27 14:58:15 UTC
21660,263549034,4838,6,79140,2012-03-27 14:58:15 UTC,2012-03-27 14:58:15 UTC
21661,263543176,4838,10,13635,2012-03-27 14:58:15 UTC,2012-03-27 14:58:15 UTC
21662,263410907,4838,2,13635,2012-03-27 14:58:15 UTC,2012-03-27 14:58:15 UTC
21663,263449477,4839,6,65305,2012-03-27 14:58:15 UTC,2012-03-27 14:58:15 UTC
21664,263507278,4840,7,2909,2012-03-27 14:58:15 UTC,2012-03-27 14:58:15 UTC
21665,263551920,4840,3,4830,2012-03-27 14:58:15 UTC,2012-03-27 14:58:15 UTC
21666,263540754,4840,9,36852,2012-03-27 14:58:15 UTC,2012-03-27 14:58:15 UTC
21667,263564776,4840,3,52220,2012-03-27 14:58:15 UTC,2012-03-27 14:58:15 UTC
21668,263432833,4841,1,362,2012-03-27 14:58:15 UTC,2012-03-27 14:58:15 UTC
21669,263409605,4841,6,59897,2012-03-27 14:58:15 UTC,2012-03-27 14:58:15 UTC
21670,263452709,4841,7,362,2012-03-27 14:58:15 UTC,2012-03-27 14:58:15 UTC
21671,263556830,4841,9,46349,2012-03-27 14:58:15 UTC,2012-03-27 14:58:15 UTC
21672,263556848,4841,10,90850,2012-03-27 14:58:15 UTC,2012-03-27 14:58:15 UTC
21673,263397201,4841,1,362,2012-03-27 14:58:15 UTC,2012-03-27 14:58:15 UTC
21674,263412801,4842,8,62315,2012-03-27 14:58:15 UTC,2012-03-27 14:58:15 UTC
21675,263458165,4842,3,82819,2012-03-27 14:58:15 UTC,2012-03-27 14:58:15 UTC
21676,263414049,4842,1,94683,2012-03-27 14:58:15 UTC,2012-03-27 14:58:15 UTC
21677,263512320,4842,8,31026,2012-03-27 14:58:15 UTC,2012-03-27 14:58:15 UTC
21678,263537238,4842,1,94490,2012-03-27 14:58:15 UTC,2012-03-27 14:58:15 UTC
21679,263556752,4842,1,66599,2012-03-27 14:58:15 UTC,2012-03-27 14:58:15 UTC
21680,263556694,4842,4,38323,2012-03-27 14:58:15 UTC,2012-03-27 14:58:15 UTC
21681,263522956,4842,4,34624,2012-03-27 14:58:15 UTC,2012-03-27 14:58:15 UTC
21682,263551208,4843,4,78751,2012-03-27 14:58:15 UTC,2012-03-27 14:58:15 UTC
21683,263552834,4843,7,94117,2012-03-27 14:58:15 UTC,2012-03-27 14:58:15 UTC
21684,263441281,4843,1,94117,2012-03-27 14:58:15 UTC,2012-03-27 14:58:15 UTC
21685,263401045,4843,3,54368,2012-03-27 14:58:15 UTC,2012-03-27 14:58:15 UTC
21686,263437771,4843,5,22220,2012-03-27 14:58:15 UTC,2012-03-27 14:58:15 UTC
21687,263399933,4843,5,54766,2012-03-27 14:58:15 UTC,2012-03-27 14:58:15 UTC
21688,263519844,4844,1,13635,2008-06-29,2008-11-15
21689,263519844,4845,1,13635,2011-12-13,2015-07-20
21690,263519844,4846,2,13635,2007-10-19,2015-08-02
21691,263519844,4847,3,13635,2004-10-07,2013-07-09
21692,263519844,4848,3,13635,2014-09-13,2016-01-13
21693,263519844,4849,1,13635,2005-04-03,2016-01-04
21694,263519844,4850,10,13635,2009-12-09,2011-06-17
21695,263519844,4851,6,13635,2009-04-22,2011-01-19
21696,263519844,4851,5,13635,2009-03-15,2009-04-02
21697,263519844,4852,6,13635,2012-03-25,2016-01-06
21698,263519844,4853,9,13635,2003-06-02,2015-08-10
21699,263519844,4854,8,13635,2001-05-23,2007-01-08
21700,263519844,4855,10,13635,2004-06-13,2013-12-24
21701,263519844,4856,6,13635,2002-09-05,2008-01-30
21702,263519844,4857,7,13635,2013-01-01,2013-02-28
21703,263519844,4858,1,13635,2011-08-15,2013-11-16
21704,263519844,4859,7,13635,2004-01-28,2007-07-22
21705,263519844,4860,10,13635,2011-02-12,2014-01-13
21706,263519844,4861,3,13635,2014-03-15,2015-04-20
21707,263519844,4862,8,13635,2013-10-07,2015-08-31
21708,263519844,4863,8,13635,2013-05-05,2014-12-02
21709,263519844,4864,6,13635,2014-07-23,2015-11-07
21710,263519844,4865,5,13635,2004-10-05,2011-09-19
21711,263519844,4866,10,13635,2001-01-19,2007-03-07
21712,263519844,4867,4,13635,2008-09-19,2012-03-14
21713,263519844,4868,7,13635,2010-08-09,2011-11-13
21714,263519844,4869,7,13635,2001-09-20,2009-12-04
21715,263519844,4870,5,13635,2012-06-09,2014-08-27
21716,263519844,4871,6,13635,2000-09-07,2012-03-22
21717,263519844,4872,3,13635,2008-10-23,2009-02-19
21718,263519844,4873,7,13635,2003-09-22,2005-02-15
21719,263519844,4874,5,13635,2005-07-26,2005-12-16
21720,263519844,4875,2,13635,2012-11-06,2012-12-18
21721,263519844,4876,4,13635,2001-12-17,2005-08-26
21722,263519844,4877,9,13635,2014-05-20,2014-05-26
21723,263519844,4878,1,13635,2004-01-29,2005-06-25
21724,263519844,4879,3,13635,2004-06-01,2004-10-30
21725,263519844,4880,9,13635,2012-10-19,2015-03-17
21726,263519844,4881,5,13635,2013-05-19,2014-05-21
21727,263519844,4882,8,13635,2014-01-15,2015-05-04
21728,263519844,4883,2,13635,2010-10-27,2012-06-04
21729,263519844,4884,10,13635,2011-05-01,2013-01-18
21730,263519844,4885,4,13635,2008-11-14,2016-01-31
21731,263519844,4886,5,13635,2000-01-06,2014-12-15
21732,263519844,4887,5,13635,2000-04-21,2014-03-05
21733,263519844,4888,10,13635,2003-01-31,2009-09-11
21734,263519844,4889,5,13635,2008-04-22,2010-12-01
21735,263519844,4890,1,13635,2012-07-10,2015-06-09
21736,263519844,4891,7,13635,2005-08-31,2013-08-19
21737,263519844,4892,5,13635,2002-07-20,2014-05-02
21738,263519844,4893,7,13635,2007-08-18,2009-09-10
21739,263519844,4894,10,13635,2009-03-13,2009-04-24
21740,263519844,4895,2,13635,2001-04-15,2013-01-11
21741,263519844,4896,1,13635,2001-10-25,2009-01-26
21742,263519844,4897,5,13635,2005-11-10,2015-03-21
21743,263519844,4898,7,13635,2005-04-10,2011-08-02
21744,263519844,4899,10,13635,2010-03-11,2013-02-16
21745,263519844,4900,7,13635,2011-03-19,2012-07-29
21746,263519844,4901,6,13635,2003-06-03,2015-06-18
21747,263519844,4902,6,13635,2012-04-29,2013-02-22
21748,263519844,4903,3,13635,2012-04-09,2013-02-17
21749,263519844,4904,7,13635,2011-09-09,2015-03-13
21750,263519844,4905,10,13635,2004-08-20,2005-12-19
21751,263519844,4906,7,13635,2007-01-01,2014-12-30
21752,263519844,4907,9,13635,2014-10-21,2015-11-11
21753,263519844,4908,9,13635,2007-06-26,2008-11-17
21754,263519844,4909,6,13635,2002-08-16,2015-05-03
21755,263519844,4910,2,13635,2010-02-21,2011-11-04
21756,263519844,4911,5,13635,2002-08-13,2008-08-05
21757,263519844,4912,4,13635,2015-09-19,2016-02-09
21758,263519844,4913,4,13635,2004-05-02,2009-03-24
21759,263519844,4914,9,13635,2010-11-27,2013-09-12
21760,263519844,4915,4,13635,2006-09-04,2015-04-13
21761,263519844,4916,10,13635,2002-09-04,2010-06-02
21762,263519844,4917,1,13635,2006-09-17,2010-12-01
21763,263519844,4918,4,13635,2012-01-31,2012-08-08
21764,263519844,4919,4,13635,2005-06-30,2012-04-27
21765,263519844,4920,1,13635,2003-04-19,2007-08-09
21766,263519844,4921,7,13635,2006-08-21,2012-08-13
21767,263519844,4922,2,13635,2001-12-04,2014-08-26
21768,263519844,4923,4,13635,2002-05-16,2010-05-23
21769,263519844,4924,6,13635,2006-10-24,2014-01-28
21770,263519844,4925,6,13635,2009-08-09,2010-11-03
21771,263519844,4926,3,13635,2006-09-20,2010-03-17
21772,263519844,4927,10,13635,2001-12-02,2002-05-25
21773,263519844,4928,5,13635,2010-01-03,2013-09-12
21774,263519844,4929,8,13635,2011-10-26,2012-03-04
21775,263519844,4930,7,13635,2014-11-30,2015-07-03
21776,263519844,4931,6,13635,2012-01-23,2012-11-26
21777,263519844,4932,1,13635,2000-04-08,2012-01-30
21778,263519844,4933,2,13635,2012-06-13,2016-02-16
21779,263519844,4934,5,13635,2009-05-03,2009-09-27
21780,263519844,4935,1,13635,2000-11-30,2008-01-31
21781,263519844,4936,6,13635,2008-08-17,2011-02-21
21782,263519844,4937,8,13635,2009-02-12,2014-12-30
21783,263519844,4938,4,13635,2009-10-18,2011-11-14
21784,263519844,4939,2,13635,2012-10-25,2015-12-17
21785,263519844,4940,8,13635,2013-02-22,2015-01-26
21786,263519844,4941,4,13635,2010-02-06,2015-05-28
21787,263519844,4942,5,13635,2008-03-14,2010-04-22
21788,263519844,4943,6,13635,2004-03-31,2015-05-03
21789,263519844,4944,9,13635,2004-03-17,2006-02-11
21790,263519844,4945,4,13635,2015-11-13,2015-12-09
21791,263519844,4946,2,13635,2012-01-06,2014-02-22
21792,263519844,4947,4,13635,2011-01-10,2013-11-02
21793,263519844,4948,9,13635,2009-05-29,2011-12-22
21794,263519844,4949,5,13635,2010-07-26,2014-06-18
21795,263519844,4950,1,13635,2002-09-09,2013-06-25
21796,263519844,4951,9,13635,2005-04-01,2010-10-04
21797,263519844,4952,8,13635,2014-01-09,2015-12-28
21798,263519844,4953,3,13635,2000-02-15,2001-05-11
21799,263519844,4954,3,13635,2010-07-22,2011-08-02
21800,263519844,4955,5,13635,2005-03-17,2009-01-31
21801,263519844,4956,3,13635,2010-05-30,2011-04-21
21802,263519844,4957,4,13635,2001-10-26,2009-06-17
21803,263519844,4958,9,13635,2008-10-26,2010-04-23
21804,263519844,4959,7,13635,2015-10-03,2015-12-11
21805,263519844,4960,3,13635,2001-09-11,2010-02-06
21806,263519844,4961,2,13635,2008-12-06,2013-02-21
21807,263519844,4962,4,13635,2000-04-10,2003-05-24
21808,263519844,4963,10,13635,2012-10-15,2012-12-19
21809,263519844,4964,4,13635,2013-01-25,2014-09-21
21810,263519844,4965,8,13635,2008-12-04,2012-01-01
21811,263519844,4966,10,13635,2006-08-11,2007-06-26
21812,263519844,4967,10,13635,2009-02-24,2009-06-29
21813,263519844,4968,5,13635,2009-12-17,2015-02-22
21814,263519844,4969,1,13635,2003-03-10,2005-08-30
21815,263519844,4970,9,13635,2000-09-08,2015-12-26
21816,263519844,4971,3,13635,2001-11-24,2011-08-27
21817,263519844,4972,1,13635,2006-11-01,2009-05-01
21818,263519844,4973,8,13635,2000-04-26,2009-08-17
21819,263519844,4974,2,13635,2012-03-01,2013-02-03
21820,263519844,4975,1,13635,2003-08-03,2012-11-10
21821,263519844,4976,5,13635,2004-08-17,2012-08-05
21822,263519844,4977,4,13635,2015-03-10,2015-07-03
21823,263519844,4978,5,13635,2004-02-25,2005-08-13
21824,263519844,4979,2,13635,2015-08-28,2016-01-26
21825,263519844,4980,3,13635,2008-01-18,2014-09-08
21826,263519844,4981,8,13635,2003-09-07,2004-09-21
21827,263519844,4982,10,13635,2007-01-06,2007-07-02
21828,263519844,4983,10,13635,2013-05-03,2015-01-22
21829,263519844,4984,10,13635,2000-12-14,2011-02-05
21830,263519844,4985,4,13635,2014-02-13,2016-01-06